fecha,aluminio,cobre,niquel,zinc,tipo_cambio,petroleo,industria
2015-02-01,0.012389989241432753,-0.11375862008148463,-0.007517769272826325,-0.007517769272826325,0.21979999999999933,3.3599999999999994,0.6674788278960051
2015-03-01,-0.04819308982521742,0.22376937864865276,-0.07409742676237707,-0.07409742676237707,0.3205000000000009,-2.759999999999998,-0.5193833769262
2015-04-01,0.04453341328771243,0.10262526675955552,0.17786909822042718,0.17786909822042718,-0.04320000000000057,6.630000000000003,1.0876658011985967
2015-05-01,-0.012005604239464285,0.27213883842748565,0.08271750824529578,0.08271750824529578,0.08530000000000015,4.82,-0.8742267404232962
2015-06-01,-0.12166013355557492,-0.46700559092752947,-0.20216040002683577,-0.20216040002683577,0.19960000000000022,0.5499999999999972,0.4704221205776946
2015-07-01,-0.04536004979517405,-0.37670417467680206,-0.08538009372821787,-0.08538009372821787,0.47229999999999883,-8.920000000000002,1.093804448242608
2015-08-01,-0.09834010795541026,-0.3679738619728745,-0.19214521093240067,-0.19214521093240067,0.5824999999999996,-8.030000000000001,0.33274947578550496
2015-09-01,0.04904505384048319,0.1191599499109337,-0.09101609991529025,-0.09101609991529025,0.3047000000000004,2.6099999999999994,2.0841208206120996
2015-10-01,-0.06481807115572291,0.014528474929011104,0.00913601002929254,0.00913601002929254,-0.26899999999999835,0.740000000000002,-2.120681385294901
2015-11-01,-0.058344358449036404,-0.4143812060177421,-0.14576590439831127,-0.14576590439831127,0.060900000000000176,-3.780000000000001,-0.7264553472159037
2015-12-01,0.028660117462389056,-0.17923596536094255,-0.06018624667101746,-0.06018624667101746,0.43900000000000006,-5.25,0.45595592266799656
2016-01-01,-0.01485916859203873,-0.16625072752605785,-0.009898763646625008,-0.009898763646625008,0.9952000000000005,-5.509999999999998,-0.06453070574019648
2016-02-01,0.05618542235900814,0.13271839009506348,0.19863889582101257,0.19863889582101257,0.3683999999999976,-1.3599999999999994,0.12271526244779807
2016-03-01,-0.005048005541579359,0.3520785199033485,0.09381010298247938,0.09381010298247938,-0.8029000000000011,7.229999999999997,-0.7690954732638033
2016-04-01,0.03373903703790493,-0.09643027213883748,0.046881051464893186,0.046881051464893186,-0.15079999999999671,3.200000000000003,-0.045538434388802784
2016-05-01,-0.008067339056130773,-0.14277147745110152,0.019670990314341275,0.019670990314341275,0.6564999999999976,5.960000000000001,0.262120839012411
2016-06-01,0.03595742429319726,-0.07771301081147808,0.1518104375738547,0.1518104375738547,0.5178000000000011,2.049999999999997,-0.2846224366062984
2016-07-01,0.037632938852536935,0.22515829203336857,0.16181943244148922,0.16181943244148922,-0.03829999999999956,-4.109999999999999,0.01172420177648803
2016-08-01,0.011684509426974188,-0.09757667683733384,0.09795146298876523,0.09795146298876523,-0.1413000000000011,0.07000000000000028,0.09592375503810047
2016-09-01,-0.051522072699694776,-0.05103705532725389,0.010008994867634513,0.010008994867634513,0.769400000000001,0.46000000000000085,0.3626274797681077
2016-10-01,0.07396514929716558,0.024956348436479203,0.021362810631580853,0.021362810631580853,-0.3523999999999994,4.600000000000001,-0.05082258072610557
2016-11-01,0.07134164623714723,0.7111236529744795,0.2547002592638319,0.2547002592638319,1.1174,-4.1200000000000045,1.1399764145771059
2016-12-01,-0.004673803770789631,0.22299776010158912,0.10284572920157364,0.10284572920157364,0.49059999999999704,6.310000000000002,-0.3060179554077962
2017-01-01,0.06016420042681503,0.07116527628353264,0.04131466163424369,0.04131466163424369,0.8919000000000032,0.5300000000000011,0.7095193511707976
2017-02-01,0.06600645514030257,0.20412617506481645,0.13540803188768713,0.13540803188768713,-1.0903000000000027,0.9699999999999989,-0.45161039773600464
2017-03-01,0.04477592197393254,-0.12001975343480531,-0.06666784246635737,-0.06666784246635737,-1.0207999999999977,-4.140000000000001,0.6999346902530021
2017-04-01,0.029365597276847843,-0.12385579992592444,-0.14872396338559746,-0.14872396338559746,-0.5128000000000021,1.730000000000004,-1.0954075805194066
2017-05-01,-0.016797243359610636,-0.10617471207605078,-0.04278619400965722,-0.04278619400965722,-0.0005999999999986017,-2.5800000000000054,0.030990886771405712
2017-06-01,-0.02753775373028522,0.10798250410060195,-0.018303948673634718,-0.018303948673634718,-0.6372999999999998,-3.299999999999997,0.07822467657200605
2017-07-01,0.01701374217727758,0.27912749783946733,0.21316116258320772,0.21316116258320772,-0.32120000000000104,1.4500000000000028,-0.7852701048216062
2017-08-01,0.12647213883807873,0.4995678936136452,0.19674621598327358,0.19674621598327358,-0.011199999999998766,1.4099999999999966,0.603793048655902
2017-09-01,0.07038507726704868,0.10502830737755353,0.13794515143287667,0.13794515143287667,0.03359999999999985,1.7800000000000011,-0.9794587055530002
2017-10-01,0.02993845634571901,0.2141792624208545,0.15416602411976177,0.15416602411976177,0.9909999999999997,1.759999999999998,1.1173437471208985
2017-11-01,-0.02938764352104961,0.028197146334150602,-0.03778726256194975,-0.03778726256194975,0.10909999999999798,5.060000000000002,0.1682228382828015
2017-12-01,-0.030291539533325196,-0.02442723857563589,-0.043695656008042594,-0.043695656008042594,0.24590000000000245,1.240000000000002,0.705739937573
2018-01-01,0.14376355844018418,0.2791495440836691,0.2547443517522354,0.2547443517522354,-0.26470000000000127,5.82,-0.8975076593061004
2018-02-01,-0.02956401347466464,-0.07850667560274438,0.09257217940351703,0.09257217940351703,-0.2644999999999982,-1.470000000000006,0.43006065528909687
2018-03-01,-0.10840138274043642,-0.2060221520661747,-0.25930792430201555,-0.25930792430201555,-0.057200000000001694,0.5,0.051635346512000524
2018-04-01,0.1608714439408101,0.04276971375156524,-0.08955184394786553,-0.08955184394786553,-0.20250000000000057,3.520000000000003,-1.3236559945041932
2018-05-01,0.05315349477063114,-0.016777191837597627,-0.1330711300022931,-0.1330711300022931,1.1648999999999994,3.730000000000004,1.6682962137481923
2018-06-01,-0.05026543678019024,0.1330270375138891,0.03390712358242709,0.03390712358242709,0.7353000000000023,-2.1099999999999994,-0.1785696050839931
2018-07-01,-0.1413605178221835,-0.7066041729131021,-0.43303232861249796,-0.43303232861249796,-1.3021999999999991,3.1099999999999994,0.321142408399993
2018-08-01,-0.053440095945255006,-0.20842519268417448,-0.14821689976895547,-0.14821689976895547,-0.12230000000000274,-2.9200000000000017,-0.8267934328883939
2018-09-01,-0.02248716908587456,-0.01973138856064427,-0.07731617841584493,-0.07731617841584493,0.1357999999999997,2.1700000000000017,1.0933108018164006
2018-10-01,0.011177445810332198,0.19585883348912603,0.2386726397290957,0.2386726397290957,0.19669999999999987,0.519999999999996,-0.9066725726240037
2018-11-01,-0.09643027213883881,-0.02288400148150682,-0.07901373921938681,-0.07901373921938681,1.049000000000003,-13.79,-0.9869700678341076
2018-12-01,-0.00630522584172577,-0.0987892202684364,0.03276071888393117,0.03276071888393117,-0.14760000000000062,-7.439999999999998,-0.2587590464388967
2019-01-01,-0.08555738190284012,-0.16219421859291927,-0.06642533378013704,-0.06642533378013704,-0.9268000000000001,1.8599999999999994,0.15353547003880408
2019-02-01,0.013660014995636294,0.3461701264572561,0.1436533272191749,0.1436533272191749,0.024899999999998812,3.5700000000000003,0.48372116209860394
2019-03-01,0.012681154981067921,0.1728425545424077,0.14856963967618464,0.14856963967618464,0.04889999999999972,3.1999999999999957,-1.2222930815630093
2019-04-01,-0.023258787632939093,-0.0059304396902932766,0.08732517328347988,0.08732517328347988,-0.2801000000000009,5.710000000000001,1.0048920520494988
2019-05-01,-0.07363445563413773,-0.41678424663574365,-0.19100865976472292,-0.19100865976472292,0.14690000000000225,-3.030000000000001,-0.9151605066052895
2019-06-01,-0.021252579410572237,-0.1599014091959292,-0.145615442953138,-0.145615442953138,0.1617999999999995,-6.170000000000002,0.9705297455767976
2019-07-01,0.03873525106262932,0.07142983121395474,-0.16062893525459065,-0.16062893525459065,-0.22759999999999891,2.690000000000005,-0.592155813514097
2019-08-01,-0.05189685885112616,-0.23186035027072815,-0.1663389125028658,-0.1663389125028658,0.6375999999999991,-2.539999999999999,-0.17281511390820015
2019-09-01,0.008664173971322242,0.03747861514312412,0.04448932079930845,0.04448932079930845,-0.1357999999999997,2.1400000000000006,-0.07727826900411117
2019-10-01,-0.03075451066156365,-0.0025794105716157034,0.12595019312509992,0.12595019312509992,-0.22770000000000223,-2.990000000000002,-2.0410106616774897
2019-11-01,0.053484188433658764,0.11680100178133745,-0.012632497927653752,-0.012632497927653752,0.006800000000001916,3.0700000000000003,0.4065110380388006
2019-12-01,-0.0019180232455600077,0.20273726168010064,-0.15893137445104832,-0.15893137445104832,-0.2237000000000009,2.8500000000000014,-0.7631316323733017
2020-01-01,0.0013227746521100592,-0.013227746521103256,0.08324661810613998,0.08324661810613998,-0.29579999999999984,-2.3599999999999994,1.1636049318241959
2020-02-01,-0.08587012116615811,-0.3627489020970387,-0.2367987089719401,-0.2367987089719401,0.03570000000000206,-6.980000000000004,-0.5665992691228041
2020-03-01,-0.07471472160002834,-0.5077690964567276,-0.21486269599111107,-0.21486269599111107,3.5361999999999973,-21.33,-3.195732133162892
2020-04-01,-0.15399301574983681,-0.13042558069807164,-0.011530185717561148,-0.011530185717561148,1.8013000000000012,-12.66,-23.690805656586505
2020-05-01,0.0026455493042205624,0.18556323744686676,0.06931339177057816,0.06931339177057816,-0.6557999999999993,12.009999999999998,-0.09725020290349562
2020-06-01,0.104234642586289,0.5085627612479948,0.0572320499479706,0.0572320499479706,-1.217100000000002,9.750000000000004,15.110965790499293
2020-07-01,0.07533201643767984,0.6113864442053654,0.14162507275260605,0.14162507275260605,0.08830000000000027,2.3999999999999986,3.743549312935798
2020-08-01,0.09453429513748013,0.1429258011605139,0.2445810331751881,0.2445810331751881,-0.19350000000000023,1.6300000000000026,3.357953726040506
2020-09-01,0.011442000740753855,0.21572249951498268,0.043673609763840826,0.043673609763840826,-0.5403999999999982,-2.710000000000001,2.283061184134894
2020-10-01,0.05747455863419115,-0.009634208716202686,-0.009038960122753625,-0.009038960122753625,-0.38090000000000046,-0.23000000000000398,1.225710595788712
2020-11-01,0.1293012222437786,0.36065450889786366,0.2282227199774245,0.2282227199774245,-0.8237999999999985,1.5399999999999991,0.37755258090238897
2020-12-01,0.08580398243355258,0.6918111430536698,0.11267835411559313,0.11267835411559313,-0.49620000000000175,6.080000000000005,-0.4630784896547908
2021-01-01,-0.014109596289176185,0.21525952838674378,-0.07467062911162436,-0.07467062911162436,-0.019200000000001438,4.979999999999997,-0.7477938925441094
2021-02-01,0.07579498756591807,0.48975731494382657,0.035494453164958806,0.035494453164958806,0.38840000000000074,7.039999999999999,-1.0007906635117934
2021-03-01,0.11199492054533611,0.5447186017390084,0.04845764475563907,0.04845764475563907,0.4204000000000008,3.289999999999999,2.126459130614194
2021-04-01,0.1321672339900175,0.3305834318065557,0.03569286936277605,0.03569286936277605,-0.7123999999999988,-0.6099999999999994,-0.1751593109164986
2021-05-01,0.1100768972997761,0.848405615619324,0.14294784740471567,0.14294784740471567,-0.07319999999999993,3.450000000000003,-0.5150872060166023
2021-06-01,0.0052470061200375895,-0.5715268346884432,-0.020216405933085824,-0.020216405933085824,0.06700000000000017,6.209999999999994,-0.1700152570806921
2021-07-01,0.052866893596006825,-0.1788391329653063,-0.007098890632990518,-0.007098890632990518,-0.06500000000000128,1.1099999999999994,0.2057630478435044
2021-08-01,0.11869697878269436,-0.07641228240357201,0.04592232667242779,0.04592232667242779,0.10859999999999914,-4.759999999999991,0.3515664733669013
2021-09-01,0.229038431012893,-0.0331134587911599,0.053131448526428926,0.053131448526428926,-0.028900000000000148,3.9200000000000017,-1.0180074718737018
2021-10-01,0.11547822712922606,0.4544171854882819,0.32811425245595105,0.32811425245595105,0.39380000000000237,9.829999999999998,1.0039919511193887
2021-11-01,-0.3137621474805554,-0.01300728407908558,-0.05284484735180506,-0.05284484735180506,0.42989999999999995,-2.3299999999999983,0.4997446195782089
2021-12-01,0.053947159561896996,-0.2151713434099367,0.09058801742535216,0.09058801742535216,0.05619999999999692,-7.440000000000012,1.2184558979638922
2022-01-01,0.307721476569252,0.22562126316160658,0.2020758743540445,0.2020758743540445,-0.41859999999999786,11.510000000000005,1.222217547860808
2022-02-01,0.2577646872078869,0.16541297024639157,0.03425986348965626,0.03425986348965626,-0.04960000000000164,8.420000000000002,-0.044129657700608504
2022-03-01,0.2770110583960914,0.29623538334009325,0.33007636818991415,0.33007636818991415,0.08660000000000068,16.86,0.9267630967978988
2022-04-01,-0.2812659835270459,-0.05445422317854032,0.3967221644120711,0.3967221644120711,-0.453599999999998,-6.719999999999999,0.58919601668741
2022-05-01,-0.4302324555988646,-0.8203187005061814,-0.6115628141589791,-0.6115628141589791,-0.03330000000000055,7.769999999999996,-0.1971721202609018
2022-06-01,-0.26343057196775943,-0.32967953579428233,-0.11550027337342872,-0.11550027337342872,-0.047399999999999665,5.290000000000006,-0.5343007449591965
2022-07-01,-0.16135646131325032,-1.5033554383675192,-0.5467468562055764,-0.5467468562055764,0.5362999999999971,-13.219999999999999,0.6762167213439909
2022-08-01,0.02976242967248055,0.431202490343745,0.47569181114305303,0.47569181114305303,-0.4333999999999989,-7.950000000000003,0.4315077786676085
2022-09-01,-0.20141448702798925,-0.22628265048766316,-0.43647154270798394,-0.43647154270798394,-0.04410000000000025,-9.409999999999997,-0.4167193355169019
2022-10-01,0.013382070230515186,-0.11347201890685898,-0.17665655478932685,-0.17665655478932685,-0.09169999999999945,3.289999999999992,0.027881095800296407
2022-11-01,0.09197693081006753,0.4087373675020727,-0.03608970175840742,-0.03608970175840742,-0.5228999999999999,-3.1799999999999926,1.0951487320756002
2022-12-01,0.05961304432176906,0.3350147268911261,0.2045670999488527,0.2045670999488527,0.16049999999999898,-7.930000000000007,1.4193837096459987
2023-01-01,0.09414304696507925,0.6348216017919182,0.1611359988712322,0.1611359988712322,-0.6442999999999977,1.6800000000000068,-0.4551812990389976
2023-02-01,-0.0717488585600119,-0.04459955202031729,-0.1456374891973402,-0.1456374891973402,-0.33370000000000033,-1.2900000000000063,-0.3207548157640048
2023-03-01,-0.1272099508272304,-0.11946859732975845,-0.18748126069242854,-0.18748126069242854,-0.24760000000000204,-3.549999999999997,0.020202890371010085
2023-04-01,0.05093484385816449,-0.021737596783012236,-0.18346884424769394,-0.18346884424769394,-0.29439999999999955,6.170000000000002,0.48960307998099495
2023-05-01,-0.0734000730019182,-0.5797059912873248,-0.2950889786415991,-0.2950889786415991,-0.3459000000000003,-7.8700000000000045,0.487772858396994
2023-06-01,-0.08653191217100087,0.1519427150390662,-0.10959187992733543,-0.10959187992733543,-0.5081999999999987,-1.3299999999999983,0.4277277852370105
2023-07-01,-0.028687264860873807,0.0757729413217163,0.02848374750877447,0.02848374750877447,-0.34779999999999944,5.819999999999993,-0.035530400352001834
2023-08-01,-0.018221892285202657,-0.11023122100918847,0.004409248840367752,0.004409248840367752,0.0838000000000001,5.320000000000007,0.15139384603300243
2023-09-01,0.043340973060247645,-0.08090971622074328,0.08712675708566264,0.08712675708566264,0.3299999999999983,8.040000000000006,0.6666536291939877
2023-10-01,0.014954448896340455,-0.33120072664420963,-0.038933667260445226,-0.038933667260445226,0.752200000000002,-3.7900000000000063,1.003824748385
2023-11-01,0.009772895254970049,0.2342854371329297,0.09457838762588366,0.09457838762588366,-0.6995000000000005,-7.950000000000003,-1.7083539286719969
2023-12-01,-0.027937936110880024,0.2201537945995522,-0.042064233937106454,-0.042064233937106454,-0.1667000000000023,-5.789999999999992,-0.07080390068199449
2024-01-01,0.019892449669027368,-0.04980246565195223,0.019760367315230898,0.019760367315230898,-0.09949999999999903,2.25,0.5874216189239974
2024-02-01,-0.011634359065560318,-0.03355438367519703,-0.15702499330173136,-0.15702499330173136,0.0004999999999988347,3.0999999999999943,-1.6129481953809943
2024-03-01,0.0398025602850236,0.36488738778461816,0.09794778009262384,0.09794778009262384,-0.32439999999999714,4.030000000000001,0.621698790951001
2024-04-01,0.27553129306337665,0.8068043528104543,0.2681239555053576,0.2681239555053576,0.03149999999999764,4.069999999999993,-0.9931531836320033
2024-05-01,0.06730956928984755,0.6466383886841047,0.22516698189207585,0.22516698189207585,0.002500000000001279,-5.329999999999998,0.1935344528880023
2024-06-01,-0.07014053498931894,-0.4874645055468356,-0.1378406635064353,-0.1378406635064353,1.391300000000001,-0.25,0.24541734116799319
2024-07-01,-0.1327459008044567,-0.24804229351487805,-0.03265441814871961,-0.03265441814871961,-0.09440000000000026,2.030000000000001,0.6829691125069957
2024-08-01,-0.027971071411384774,-0.429857669447431,-0.07543377309533517,-0.07543377309533517,1.0380000000000003,-5.11999999999999,-0.5035466172409997
2024-09-01,0.1173334446833727,0.29078996102223975,0.13102404257467315,0.13102404257467315,0.4580999999999982,-6.440000000000012,0.6309245916740025
2024-10-01,0.14672479263009874,0.28474929011093586,0.26212747531096214,0.26212747531096214,0.12199999999999989,1.75,-1.7492446989840005
2024-11-01,-0.015200692956944817,-0.4644702728443182,-0.1038416585951003,-0.1038416585951003,0.6198000000000015,-2.039999999999992,0.1821534270530094
2024-12-01,-0.04476562278245799,-0.15524965166934024,0.043928662095596316,0.043928662095596316,-0.07649999999999935,0.1700000000000017,-1.222197864159
