,tipo_cambio,petroleo,industria
2025-01-01,20.261994737360475,70.25738336843492,100.10176991406999
2025-02-01,20.262368096849073,70.39397345847753,100.10176991410447
2025-03-01,20.262721237256944,70.52977485020348,100.10176991413289
2025-04-01,20.26305525353745,70.66479209771356,100.10176991415632
2025-05-01,20.26337118134734,70.79902972881224,100.10176991417565
2025-06-01,20.26367000025793,70.9324922451596,100.10176991419158
2025-07-01,20.2639526367924,71.06518412242217,100.10176991420472
2025-08-01,20.264219967298544,71.19710981042314,100.10176991421555
2025-09-01,20.264472820666036,71.32827373329154,100.10176991422449
2025-10-01,20.26471198089647,71.45868028961058,100.10176991423185
2025-11-01,20.264938189534266,71.5883338525652,100.10176991423792
2025-12-01,20.2651521479659,71.71723877008866,100.10176991424294
