Fecha,aluminio,cobre,niquel,zinc
2025-01-01,2.543843682274532,8.947717915390019,15.47717427903185,3.0507667864096892
2025-02-01,2.549254203694811,8.975888021115502,15.483781422647322,3.0585246645440898
2025-03-01,2.5546593569296223,9.004045936876086,15.490338869453371,3.066277024578235
2025-04-01,2.560059178563134,9.032191668221676,15.496846821059199,3.074023891753884
2025-05-01,2.565453704665698,9.060325224181364,15.503305482531966,3.0817652915255938
2025-06-01,2.570842970813202,9.08844661705319,15.509715062126514,3.089501249540073
2025-07-01,2.576227012105424,9.116555862205416,15.516075771030206,3.0972317916167067
2025-08-01,2.5816058631834387,9.144652977888684,15.52238782312207,3.104956943729189
2025-09-01,2.5869795582461332,9.172737985058475,15.528651434745445,3.112676731988202
2025-10-01,2.5923481310658736,9.200810907207304,15.534866824493422,3.1203911826250836
2025-11-01,2.597711615003372,9.228871770206124,15.541034213006373,3.1281003219764325
2025-12-01,2.6030700430217966,9.256920602154448,15.547153822780896,3.135804176469597
