,aluminio,cobre,niquel,zinc
2025-01-01,0.005415926800587051,0.028182297477885032,0.007763421222747982,0.007763421222747982
2025-02-01,0.005410521420279292,0.028170105725482928,0.007757878134400334,0.007757878134400334
2025-03-01,0.005405153234811231,0.02815791576058361,0.007752360034145011,0.007752360034145011
2025-04-01,0.005399821633511677,0.028145731345590043,0.007746867175649033,0.007746867175649033
2025-05-01,0.00539452610256388,0.02813355595968832,0.007741399771709717,0.007741399771709717
2025-06-01,0.005389266147504023,0.02812139287182702,0.007735958014479069,0.007735958014479069
2025-07-01,0.005384041292221708,0.028109245152226358,0.007730542076633674,0.007730542076633674
2025-08-01,0.005378851078014585,0.02809711568326833,0.007725152112482506,0.007725152112482506
2025-09-01,0.005373695062694477,0.02808500716979063,0.007719788259013077,0.007719788259013077
2025-10-01,0.005368572819740438,0.028072922148827836,0.007714450636881702,0.007714450636881702
2025-11-01,0.005363483937498581,0.02806086299882,0.0077091393513489025,0.0077091393513489025
2025-12-01,0.005358428018424245,0.028048831948324412,0.007703854493164584,0.007703854493164584
